DATE_TIME,IRRADIATION
2023-09-06 05:00,15.0
2023-09-06 06:00,152.0
2023-09-06 07:00,358.0
2023-09-06 08:00,534.0
2023-09-06 09:00,679.0
2023-09-06 10:00,769.0
2023-09-06 11:00,762.0
2023-09-06 12:00,720.0
2023-09-06 13:00,667.0
2023-09-06 14:00,565.0
2023-09-06 15:00,421.0
2023-09-06 16:00,232.0
2023-09-06 17:00,71.0
2023-09-06 18:00,0.0
2023-09-06 19:00,0.0
2023-09-06 20:00,0.0
2023-09-06 21:00,0.0
2023-09-06 22:00,0.0
2023-09-06 23:00,0.0
2023-09-06 00:00,0.0
2023-09-06 01:00,0.0
2023-09-06 02:00,0.0
2023-09-06 03:00,0.0
2023-09-06 04:00,0.0
